#FusionName	JunctionReadCount	SpanningFragCount	est_J	est_S	SpliceType	LeftGene	LeftBreakpoint	RightGene	RightBreakpoint	JunctionReads	SpanningFrags	LargeAnchorSupport	FFPM	LeftBreakDinuc	LeftBreakEntropy	RightBreakDinuc	RightBreakEntropy	annots
EIF3K--CYP39A1	236	3	236.00	3.00	ONLY_REF_SPLICE	EIF3K^ENSG00000178982	chr19:38632678:+	CYP39A1^ENSG00000146233	chr6:46639668:-	K00193:38:H3MYFBBXX:4:1102:16925:2195,K00193:38:H3MYFBBXX:4:1105:20224:14800,K00193:38:H3MYFBBXX:4:1105:20315:30113,K00193:38:H3MYFBBXX:4:1105:24507:24927,K00193:38:H3MYFBBXX:4:1107:30617:28583,K00193:38:H3MYFBBXX:4:1109:5760:29304,K00193:38:H3MYFBBXX:4:1111:2766:23977,K00193:38:H3MYFBBXX:4:1112:8145:23169,K00193:38:H3MYFBBXX:4:1113:24964:15240,K00193:38:H3MYFBBXX:4:1115:5324:2354,K00193:38:H3MYFBBXX:4:1115:7069:25313,K00193:38:H3MYFBBXX:4:1116:27034:46252,K00193:38:H3MYFBBXX:4:1117:6359:21340,K00193:38:H3MYFBBXX:4:1118:8318:2160,K00193:38:H3MYFBBXX:4:1119:23177:21920,K00193:38:H3MYFBBXX:4:1120:19168:20004,K00193:38:H3MYFBBXX:4:1121:19087:28654,K00193:38:H3MYFBBXX:4:1121:24883:13482,K00193:38:H3MYFBBXX:4:1121:5892:37866,K00193:38:H3MYFBBXX:4:1122:16722:7048,K00193:38:H3MYFBBXX:4:1122:7902:18492,K00193:38:H3MYFBBXX:4:1123:15017:12884,K00193:38:H3MYFBBXX:4:1124:6064:9192,K00193:38:H3MYFBBXX:4:1125:10703:14660,K00193:38:H3MYFBBXX:4:1125:7963:25806,K00193:38:H3MYFBBXX:4:1127:14296:11214,K00193:38:H3MYFBBXX:4:1127:26598:41382,K00193:38:H3MYFBBXX:4:1128:21036:43773,K00193:38:H3MYFBBXX:4:1201:20478:43474,K00193:38:H3MYFBBXX:4:1201:22589:19108,K00193:38:H3MYFBBXX:4:1201:4512:45144,K00193:38:H3MYFBBXX:4:1202:16671:10968,K00193:38:H3MYFBBXX:4:1202:28181:44265,K00193:38:H3MYFBBXX:4:1203:22650:14607,K00193:38:H3MYFBBXX:4:1203:7191:18703,K00193:38:H3MYFBBXX:4:1204:14621:29744,K00193:38:H3MYFBBXX:4:1204:18346:19002,K00193:38:H3MYFBBXX:4:1204:24923:35633,K00193:38:H3MYFBBXX:4:1205:2867:39800,K00193:38:H3MYFBBXX:4:1207:12621:21569,K00193:38:H3MYFBBXX:4:1207:19300:44705,K00193:38:H3MYFBBXX:4:1207:19391:11109,K00193:38:H3MYFBBXX:4:1208:9769:22008,K00193:38:H3MYFBBXX:4:1210:32048:28953,K00193:38:H3MYFBBXX:4:1210:32505:36002,K00193:38:H3MYFBBXX:4:1210:5019:19477,K00193:38:H3MYFBBXX:4:1211:24548:1861,K00193:38:H3MYFBBXX:4:1215:10693:33102,K00193:38:H3MYFBBXX:4:1215:11962:47922,K00193:38:H3MYFBBXX:4:1215:4978:48590,K00193:38:H3MYFBBXX:4:1216:10267:8138,K00193:38:H3MYFBBXX:4:1218:24994:10898,K00193:38:H3MYFBBXX:4:1219:21929:39940,K00193:38:H3MYFBBXX:4:1223:6613:13658,K00193:38:H3MYFBBXX:4:1225:28466:23344,K00193:38:H3MYFBBXX:4:1226:10297:6327,K00193:38:H3MYFBBXX:4:1226:4897:34737,K00193:38:H3MYFBBXX:4:1228:16702:1281,K00193:38:H3MYFBBXX:4:2101:14225:39009,K00193:38:H3MYFBBXX:4:2101:26933:10845,K00193:38:H3MYFBBXX:4:2101:4704:31941,K00193:38:H3MYFBBXX:4:2102:1223:34209,K00193:38:H3MYFBBXX:4:2102:5506:12269,K00193:38:H3MYFBBXX:4:2103:14844:44582,K00193:38:H3MYFBBXX:4:2104:21533:40169,K00193:38:H3MYFBBXX:4:2104:23634:36248,K00193:38:H3MYFBBXX:4:2106:12327:18492,K00193:38:H3MYFBBXX:4:2106:5029:26808,K00193:38:H3MYFBBXX:4:2108:20447:23204,K00193:38:H3MYFBBXX:4:2108:26557:45320,K00193:38:H3MYFBBXX:4:2108:30242:8489,K00193:38:H3MYFBBXX:4:2109:17199:19336,K00193:38:H3MYFBBXX:4:2110:8044:38077,K00193:38:H3MYFBBXX:4:2111:20630:29955,K00193:38:H3MYFBBXX:4:2112:16286:30974,K00193:38:H3MYFBBXX:4:2112:22985:33506,K00193:38:H3MYFBBXX:4:2112:28110:20022,K00193:38:H3MYFBBXX:4:2113:10135:43281,K00193:38:H3MYFBBXX:4:2114:30983:42155,K00193:38:H3MYFBBXX:4:2115:18031:28337,K00193:38:H3MYFBBXX:4:2116:21401:25454,K00193:38:H3MYFBBXX:4:2118:20376:29867,K00193:38:H3MYFBBXX:4:2118:26588:38446,K00193:38:H3MYFBBXX:4:2119:20772:39343,K00193:38:H3MYFBBXX:4:2119:30597:27810,K00193:38:H3MYFBBXX:4:2121:27755:16980,K00193:38:H3MYFBBXX:4:2122:18498:48801,K00193:38:H3MYFBBXX:4:2123:31998:47113,K00193:38:H3MYFBBXX:4:2124:16651:29357,K00193:38:H3MYFBBXX:4:2124:2380:29392,K00193:38:H3MYFBBXX:4:2126:5750:42859,K00193:38:H3MYFBBXX:4:2127:15991:36547,K00193:38:H3MYFBBXX:4:2127:2360:37831,K00193:38:H3MYFBBXX:4:2128:17098:17191,K00193:38:H3MYFBBXX:4:2128:30079:44951,K00193:38:H3MYFBBXX:4:2201:21320:24434,K00193:38:H3MYFBBXX:4:2201:31226:31537,K00193:38:H3MYFBBXX:4:2202:17422:27107,K00193:38:H3MYFBBXX:4:2203:6582:45320,K00193:38:H3MYFBBXX:4:2207:30526:8735,K00193:38:H3MYFBBXX:4:2211:11373:11460,K00193:38:H3MYFBBXX:4:2211:27593:37022,K00193:38:H3MYFBBXX:4:2212:14793:18053,K00193:38:H3MYFBBXX:4:2212:30140:37883,K00193:38:H3MYFBBXX:4:2212:31216:26245,K00193:38:H3MYFBBXX:4:2213:11139:14642,K00193:38:H3MYFBBXX:4:2213:20721:42630,K00193:38:H3MYFBBXX:4:2215:17879:27511,K00193:38:H3MYFBBXX:4:2215:18305:45689,K00193:38:H3MYFBBXX:4:2216:6491:30992,K00193:38:H3MYFBBXX:4:2219:12246:4604,K00193:38:H3MYFBBXX:4:2219:13048:24171,K00193:38:H3MYFBBXX:4:2219:17991:36389,K00193:38:H3MYFBBXX:4:2219:6582:24470,K00193:38:H3MYFBBXX:4:2220:27917:16418,K00193:38:H3MYFBBXX:4:2221:16296:34332,K00193:38:H3MYFBBXX:4:2221:28394:17912,K00193:38:H3MYFBBXX:4:2223:16570:43808,K00193:38:H3MYFBBXX:4:2223:25086:43333,K00193:38:H3MYFBBXX:4:2224:15169:43492,K00193:38:H3MYFBBXX:4:2224:9272:14185,K00193:38:H3MYFBBXX:4:2225:6684:46164,K00193:38:H3MYFBBXX:4:2227:12916:48449,K00193:38:H3MYFBBXX:5:1102:7171:5870,K00193:38:H3MYFBBXX:5:1103:20000:44687,K00193:38:H3MYFBBXX:5:1104:25441:38780,K00193:38:H3MYFBBXX:5:1104:29186:26878,K00193:38:H3MYFBBXX:5:1107:25776:42419,K00193:38:H3MYFBBXX:5:1108:13464:7311,K00193:38:H3MYFBBXX:5:1111:12530:27986,K00193:38:H3MYFBBXX:5:1111:14113:40890,K00193:38:H3MYFBBXX:5:1111:16955:43421,K00193:38:H3MYFBBXX:5:1112:1730:13253,K00193:38:H3MYFBBXX:5:1112:19818:11038,K00193:38:H3MYFBBXX:5:1113:19828:8665,K00193:38:H3MYFBBXX:5:1113:23553:28513,K00193:38:H3MYFBBXX:5:1114:20467:14519,K00193:38:H3MYFBBXX:5:1115:13200:26685,K00193:38:H3MYFBBXX:5:1115:2004:46322,K00193:38:H3MYFBBXX:5:1115:24619:12005,K00193:38:H3MYFBBXX:5:1116:18722:8823,K00193:38:H3MYFBBXX:5:1116:2319:10265,K00193:38:H3MYFBBXX:5:1119:1659:41435,K00193:38:H3MYFBBXX:5:1119:16925:7153,K00193:38:H3MYFBBXX:5:1119:18965:40011,K00193:38:H3MYFBBXX:5:1119:8896:22044,K00193:38:H3MYFBBXX:5:1120:11992:19987,K00193:38:H3MYFBBXX:5:1122:20447:43808,K00193:38:H3MYFBBXX:5:1122:26892:45478,K00193:38:H3MYFBBXX:5:1123:13048:44212,K00193:38:H3MYFBBXX:5:1123:17960:44142,K00193:38:H3MYFBBXX:5:1123:30922:5096,K00193:38:H3MYFBBXX:5:1125:16275:6063,K00193:38:H3MYFBBXX:5:1125:9546:3268,K00193:38:H3MYFBBXX:5:1126:28171:2231,K00193:38:H3MYFBBXX:5:1127:29673:22202,K00193:38:H3MYFBBXX:5:1127:3101:35703,K00193:38:H3MYFBBXX:5:1201:21696:31097,K00193:38:H3MYFBBXX:5:1203:27755:17473,K00193:38:H3MYFBBXX:5:1204:20620:41821,K00193:38:H3MYFBBXX:5:1205:17463:35791,K00193:38:H3MYFBBXX:5:1206:11271:11320,K00193:38:H3MYFBBXX:5:1207:2167:48185,K00193:38:H3MYFBBXX:5:1207:29379:44511,K00193:38:H3MYFBBXX:5:1208:19838:25700,K00193:38:H3MYFBBXX:5:1209:4907:35703,K00193:38:H3MYFBBXX:5:1210:19442:11372,K00193:38:H3MYFBBXX:5:1210:24710:4639,K00193:38:H3MYFBBXX:5:1213:18184:31027,K00193:38:H3MYFBBXX:5:1213:22771:44669,K00193:38:H3MYFBBXX:5:1215:12317:32961,K00193:38:H3MYFBBXX:5:1215:8369:17824,K00193:38:H3MYFBBXX:5:1219:15017:13517,K00193:38:H3MYFBBXX:5:1219:28394:8454,K00193:38:H3MYFBBXX:5:1221:20549:5307,K00193:38:H3MYFBBXX:5:1222:18914:12076,K00193:38:H3MYFBBXX:5:1222:19351:5975,K00193:38:H3MYFBBXX:5:1222:8978:13851,K00193:38:H3MYFBBXX:5:1223:10713:24452,K00193:38:H3MYFBBXX:5:1224:18681:22395,K00193:38:H3MYFBBXX:5:1224:25349:32434,K00193:38:H3MYFBBXX:5:1225:26364:20409,K00193:38:H3MYFBBXX:5:1226:28080:10124,K00193:38:H3MYFBBXX:5:2101:17910:30412,K00193:38:H3MYFBBXX:5:2102:21482:33119,K00193:38:H3MYFBBXX:5:2103:13890:34385,K00193:38:H3MYFBBXX:5:2104:13393:37356,K00193:38:H3MYFBBXX:5:2105:12286:38710,K00193:38:H3MYFBBXX:5:2105:1791:11214,K00193:38:H3MYFBBXX:5:2105:28283:37514,K00193:38:H3MYFBBXX:5:2106:4055:22835,K00193:38:H3MYFBBXX:5:2107:27217:31062,K00193:38:H3MYFBBXX:5:2108:12175:18088,K00193:38:H3MYFBBXX:5:2108:22985:27388,K00193:38:H3MYFBBXX:5:2108:27105:16699,K00193:38:H3MYFBBXX:5:2109:16265:12058,K00193:38:H3MYFBBXX:5:2110:2857:13130,K00193:38:H3MYFBBXX:5:2111:6085:39712,K00193:38:H3MYFBBXX:5:2113:12784:42032,K00193:38:H3MYFBBXX:5:2114:25258:20496,K00193:38:H3MYFBBXX:5:2114:8196:38833,K00193:38:H3MYFBBXX:5:2114:9079:16840,K00193:38:H3MYFBBXX:5:2116:1446:32943,K00193:38:H3MYFBBXX:5:2116:18803:47254,K00193:38:H3MYFBBXX:5:2118:27451:2143,K00193:38:H3MYFBBXX:5:2119:7648:7786,K00193:38:H3MYFBBXX:5:2120:27024:45425,K00193:38:H3MYFBBXX:5:2121:10043:48150,K00193:38:H3MYFBBXX:5:2121:12297:32539,K00193:38:H3MYFBBXX:5:2121:13038:20391,K00193:38:H3MYFBBXX:5:2122:19493:1896,K00193:38:H3MYFBBXX:5:2123:32099:24153,K00193:38:H3MYFBBXX:5:2124:30029:15187,K00193:38:H3MYFBBXX:5:2125:13890:9245,K00193:38:H3MYFBBXX:5:2201:16174:18686,K00193:38:H3MYFBBXX:5:2201:18204:22799,K00193:38:H3MYFBBXX:5:2202:11464:34051,K00193:38:H3MYFBBXX:5:2203:11089:14132,K00193:38:H3MYFBBXX:5:2203:4207:17227,K00193:38:H3MYFBBXX:5:2204:22223:20444,K00193:38:H3MYFBBXX:5:2206:16661:42419,K00193:38:H3MYFBBXX:5:2210:11109:43245,K00193:38:H3MYFBBXX:5:2210:22365:5887,K00193:38:H3MYFBBXX:5:2211:25075:27107,K00193:38:H3MYFBBXX:5:2212:12581:34332,K00193:38:H3MYFBBXX:5:2212:14053:31045,K00193:38:H3MYFBBXX:5:2212:29785:18000,K00193:38:H3MYFBBXX:5:2213:25553:38446,K00193:38:H3MYFBBXX:5:2215:10246:43474,K00193:38:H3MYFBBXX:5:2217:11850:12251,K00193:38:H3MYFBBXX:5:2217:7871:15240,K00193:38:H3MYFBBXX:5:2218:11180:27124,K00193:38:H3MYFBBXX:5:2220:1091:15275,K00193:38:H3MYFBBXX:5:2220:16164:38288,K00193:38:H3MYFBBXX:5:2226:28953:38217,K00193:38:H3MYFBBXX:5:2227:17118:36459	K00193:38:H3MYFBBXX:4:1210:7709:12462,K00193:38:H3MYFBBXX:5:1123:3547:22518,K00193:38:H3MYFBBXX:5:2221:22568:29691	YES_LDAS	0.6434	GT	1.7465	AG	1.7465	["INTERCHROMOSOMAL[chr19--chr6]"]
RN7SL4P--RN7SL173P	193	0	193.00	0.00	INCL_NON_REF_SPLICE	RN7SL4P^ENSG00000263740	chr3:15738723:+	RN7SL173P^ENSG00000243373	chr6:158437999:+	K00193:38:H3MYFBBXX:4:1103:15737:48766,K00193:38:H3MYFBBXX:4:1103:22822:43175,K00193:38:H3MYFBBXX:4:1104:19300:27441,K00193:38:H3MYFBBXX:4:1106:24010:28601,K00193:38:H3MYFBBXX:4:1106:4187:7487,K00193:38:H3MYFBBXX:4:1106:4237:48150,K00193:38:H3MYFBBXX:4:1108:30496:6538,K00193:38:H3MYFBBXX:4:1114:2116:7944,K00193:38:H3MYFBBXX:4:1115:21421:15258,K00193:38:H3MYFBBXX:4:1116:15128:17156,K00193:38:H3MYFBBXX:4:1117:17635:26069,K00193:38:H3MYFBBXX:4:1118:4471:9632,K00193:38:H3MYFBBXX:4:1119:26192:18141,K00193:38:H3MYFBBXX:4:1120:32221:8436,K00193:38:H3MYFBBXX:4:1123:14499:24505,K00193:38:H3MYFBBXX:4:1124:20112:33734,K00193:38:H3MYFBBXX:4:1125:5689:9456,K00193:38:H3MYFBBXX:4:1126:30201:12990,K00193:38:H3MYFBBXX:4:1201:6136:26896,K00193:38:H3MYFBBXX:4:1206:17828:26720,K00193:38:H3MYFBBXX:4:1210:30191:25946,K00193:38:H3MYFBBXX:4:1211:31226:15363,K00193:38:H3MYFBBXX:4:1213:5476:4375,K00193:38:H3MYFBBXX:4:1214:19747:29691,K00193:38:H3MYFBBXX:4:1216:29501:25454,K00193:38:H3MYFBBXX:4:1218:27704:18932,K00193:38:H3MYFBBXX:4:1220:11545:38411,K00193:38:H3MYFBBXX:4:1220:5435:13693,K00193:38:H3MYFBBXX:4:1221:5648:2705,K00193:38:H3MYFBBXX:4:1222:32414:16365,K00193:38:H3MYFBBXX:4:1223:10449:20057,K00193:38:H3MYFBBXX:4:1225:17219:26192,K00193:38:H3MYFBBXX:4:1226:5831:6678,K00193:38:H3MYFBBXX:4:1226:9617:27933,K00193:38:H3MYFBBXX:4:1227:11820:45636,K00193:38:H3MYFBBXX:4:1227:17179:36635,K00193:38:H3MYFBBXX:4:1227:32251:14888,K00193:38:H3MYFBBXX:4:2101:3334:8366,K00193:38:H3MYFBBXX:4:2104:30810:3110,K00193:38:H3MYFBBXX:4:2106:11992:42068,K00193:38:H3MYFBBXX:4:2106:12337:42349,K00193:38:H3MYFBBXX:4:2106:7719:42120,K00193:38:H3MYFBBXX:4:2107:13139:29779,K00193:38:H3MYFBBXX:4:2107:16001:30693,K00193:38:H3MYFBBXX:4:2107:18376:23098,K00193:38:H3MYFBBXX:4:2107:19554:30517,K00193:38:H3MYFBBXX:4:2107:30831:5465,K00193:38:H3MYFBBXX:4:2107:3679:37585,K00193:38:H3MYFBBXX:4:2107:6917:29058,K00193:38:H3MYFBBXX:4:2107:8622:21604,K00193:38:H3MYFBBXX:4:2109:28181:37796,K00193:38:H3MYFBBXX:4:2110:25238:2107,K00193:38:H3MYFBBXX:4:2110:7841:39132,K00193:38:H3MYFBBXX:4:2111:6491:48748,K00193:38:H3MYFBBXX:4:2112:1192:45408,K00193:38:H3MYFBBXX:4:2112:18762:46761,K00193:38:H3MYFBBXX:4:2112:23502:24452,K00193:38:H3MYFBBXX:4:2112:32241:3444,K00193:38:H3MYFBBXX:4:2112:5476:45056,K00193:38:H3MYFBBXX:4:2113:7272:4393,K00193:38:H3MYFBBXX:4:2114:10287:37391,K00193:38:H3MYFBBXX:4:2114:12347:35299,K00193:38:H3MYFBBXX:4:2114:14712:37532,K00193:38:H3MYFBBXX:4:2114:15565:28460,K00193:38:H3MYFBBXX:4:2114:18295:25067,K00193:38:H3MYFBBXX:4:2114:19341:28882,K00193:38:H3MYFBBXX:4:2114:19584:32398,K00193:38:H3MYFBBXX:4:2114:20589:32240,K00193:38:H3MYFBBXX:4:2114:2735:40415,K00193:38:H3MYFBBXX:4:2114:3446:30218,K00193:38:H3MYFBBXX:4:2114:4572:38675,K00193:38:H3MYFBBXX:4:2114:5547:37901,K00193:38:H3MYFBBXX:4:2114:6095:36741,K00193:38:H3MYFBBXX:4:2114:6653:30429,K00193:38:H3MYFBBXX:4:2114:6704:24716,K00193:38:H3MYFBBXX:4:2114:6968:26052,K00193:38:H3MYFBBXX:4:2114:7262:33418,K00193:38:H3MYFBBXX:4:2114:7404:24874,K00193:38:H3MYFBBXX:4:2114:8693:33682,K00193:38:H3MYFBBXX:4:2115:1761:8665,K00193:38:H3MYFBBXX:4:2115:23583:48502,K00193:38:H3MYFBBXX:4:2115:29572:45970,K00193:38:H3MYFBBXX:4:2116:31216:18721,K00193:38:H3MYFBBXX:4:2118:20396:31941,K00193:38:H3MYFBBXX:4:2118:24943:47658,K00193:38:H3MYFBBXX:4:2119:15433:11425,K00193:38:H3MYFBBXX:4:2119:30079:18791,K00193:38:H3MYFBBXX:4:2120:13048:13623,K00193:38:H3MYFBBXX:4:2121:29887:25032,K00193:38:H3MYFBBXX:4:2124:12794:13500,K00193:38:H3MYFBBXX:4:2124:1933:5588,K00193:38:H3MYFBBXX:4:2125:21493:6379,K00193:38:H3MYFBBXX:4:2128:4085:46902,K00193:38:H3MYFBBXX:4:2201:5872:33471,K00193:38:H3MYFBBXX:4:2203:31724:20409,K00193:38:H3MYFBBXX:4:2204:14509:3602,K00193:38:H3MYFBBXX:4:2204:22964:36002,K00193:38:H3MYFBBXX:4:2208:14164:40942,K00193:38:H3MYFBBXX:4:2211:12835:44371,K00193:38:H3MYFBBXX:4:2216:13230:4446,K00193:38:H3MYFBBXX:4:2218:28425:2037,K00193:38:H3MYFBBXX:4:2218:5029:2758,K00193:38:H3MYFBBXX:4:2220:29430:11232,K00193:38:H3MYFBBXX:4:2221:15951:46990,K00193:38:H3MYFBBXX:4:2223:1680:39079,K00193:38:H3MYFBBXX:4:2223:7993:2477,K00193:38:H3MYFBBXX:4:2228:17128:37426,K00193:38:H3MYFBBXX:4:2228:31734:44863,K00193:38:H3MYFBBXX:4:2228:8176:42384,K00193:38:H3MYFBBXX:5:1101:1974:3057,K00193:38:H3MYFBBXX:5:1103:28932:4463,K00193:38:H3MYFBBXX:5:1104:13626:47816,K00193:38:H3MYFBBXX:5:1104:2126:40731,K00193:38:H3MYFBBXX:5:1105:27948:38094,K00193:38:H3MYFBBXX:5:1105:30983:30060,K00193:38:H3MYFBBXX:5:1106:28963:29726,K00193:38:H3MYFBBXX:5:1106:32688:35791,K00193:38:H3MYFBBXX:5:1106:3608:11654,K00193:38:H3MYFBBXX:5:1108:31328:19723,K00193:38:H3MYFBBXX:5:1110:11414:20778,K00193:38:H3MYFBBXX:5:1110:26283:48080,K00193:38:H3MYFBBXX:5:1111:20234:45724,K00193:38:H3MYFBBXX:5:1111:22284:43087,K00193:38:H3MYFBBXX:5:1113:16580:24382,K00193:38:H3MYFBBXX:5:1115:4522:9333,K00193:38:H3MYFBBXX:5:1117:12560:27898,K00193:38:H3MYFBBXX:5:1119:21635:16260,K00193:38:H3MYFBBXX:5:1120:29227:9157,K00193:38:H3MYFBBXX:5:1122:9018:27986,K00193:38:H3MYFBBXX:5:1125:15139:44880,K00193:38:H3MYFBBXX:5:1125:16671:30130,K00193:38:H3MYFBBXX:5:1125:27166:45707,K00193:38:H3MYFBBXX:5:1126:32444:39378,K00193:38:H3MYFBBXX:5:1127:9394:22378,K00193:38:H3MYFBBXX:5:1201:13322:48836,K00193:38:H3MYFBBXX:5:1203:21229:41153,K00193:38:H3MYFBBXX:5:1204:17118:45601,K00193:38:H3MYFBBXX:5:1207:27664:2582,K00193:38:H3MYFBBXX:5:1208:1497:29902,K00193:38:H3MYFBBXX:5:1208:19757:36319,K00193:38:H3MYFBBXX:5:1212:29146:27406,K00193:38:H3MYFBBXX:5:1214:19300:45619,K00193:38:H3MYFBBXX:5:1214:3436:13359,K00193:38:H3MYFBBXX:5:1220:11535:45953,K00193:38:H3MYFBBXX:5:1220:9708:42859,K00193:38:H3MYFBBXX:5:1222:5090:10634,K00193:38:H3MYFBBXX:5:1223:26385:9227,K00193:38:H3MYFBBXX:5:1227:16945:6239,K00193:38:H3MYFBBXX:5:1227:25766:12023,K00193:38:H3MYFBBXX:5:1227:7983:31080,K00193:38:H3MYFBBXX:5:2102:10084:47693,K00193:38:H3MYFBBXX:5:2103:15128:49117,K00193:38:H3MYFBBXX:5:2104:5790:34912,K00193:38:H3MYFBBXX:5:2107:1507:12867,K00193:38:H3MYFBBXX:5:2107:29105:2336,K00193:38:H3MYFBBXX:5:2110:1507:2846,K00193:38:H3MYFBBXX:5:2110:28202:7452,K00193:38:H3MYFBBXX:5:2112:32008:10810,K00193:38:H3MYFBBXX:5:2112:6897:1246,K00193:38:H3MYFBBXX:5:2112:9262:9175,K00193:38:H3MYFBBXX:5:2113:16407:1826,K00193:38:H3MYFBBXX:5:2113:3283:41751,K00193:38:H3MYFBBXX:5:2114:9424:8436,K00193:38:H3MYFBBXX:5:2115:15808:37602,K00193:38:H3MYFBBXX:5:2115:29755:5079,K00193:38:H3MYFBBXX:5:2116:2136:48590,K00193:38:H3MYFBBXX:5:2121:10845:18914,K00193:38:H3MYFBBXX:5:2121:20356:34965,K00193:38:H3MYFBBXX:5:2121:26415:6186,K00193:38:H3MYFBBXX:5:2121:30800:8296,K00193:38:H3MYFBBXX:5:2121:5283:11109,K00193:38:H3MYFBBXX:5:2124:15605:35985,K00193:38:H3MYFBBXX:5:2124:25806:20707,K00193:38:H3MYFBBXX:5:2125:26354:21657,K00193:38:H3MYFBBXX:5:2125:7161:31097,K00193:38:H3MYFBBXX:5:2127:9891:27072,K00193:38:H3MYFBBXX:5:2128:16407:39167,K00193:38:H3MYFBBXX:5:2206:22822:19582,K00193:38:H3MYFBBXX:5:2209:28922:39712,K00193:38:H3MYFBBXX:5:2212:30668:4305,K00193:38:H3MYFBBXX:5:2213:29115:8542,K00193:38:H3MYFBBXX:5:2213:3009:10019,K00193:38:H3MYFBBXX:5:2213:30638:27423,K00193:38:H3MYFBBXX:5:2215:1294:13447,K00193:38:H3MYFBBXX:5:2218:4177:9157,K00193:38:H3MYFBBXX:5:2220:2837:15873,K00193:38:H3MYFBBXX:5:2220:29836:2828,K00193:38:H3MYFBBXX:5:2224:1253:8700,K00193:38:H3MYFBBXX:5:2225:21736:16330,K00193:38:H3MYFBBXX:5:2226:8663:19705,K00193:38:H3MYFBBXX:5:2227:2228:1246,K00193:38:H3MYFBBXX:5:2227:31795:9597,K00193:38:H3MYFBBXX:5:2228:28120:11917	.	YES_LDAS	0.5195	GT	1.7819	AG	1.9899	["INTERCHROMOSOMAL[chr3--chr6]"]
PLA2R1--RBMS1	124	0	123.90	0.00	ONLY_REF_SPLICE	PLA2R1^ENSG00000153246	chr2:159976068:-	RBMS1^ENSG00000153250	chr2:160303487:-	K00193:38:H3MYFBBXX:4:1102:22457:1650,K00193:38:H3MYFBBXX:4:1104:22284:44037,K00193:38:H3MYFBBXX:4:1104:29572:43509,K00193:38:H3MYFBBXX:4:1105:19584:41118,K00193:38:H3MYFBBXX:4:1105:24111:11513,K00193:38:H3MYFBBXX:4:1114:5506:35967,K00193:38:H3MYFBBXX:4:1116:21949:40890,K00193:38:H3MYFBBXX:4:1119:31886:23538,K00193:38:H3MYFBBXX:4:1121:6328:23995,K00193:38:H3MYFBBXX:4:1122:15230:27880,K00193:38:H3MYFBBXX:4:1123:21432:43509,K00193:38:H3MYFBBXX:4:1124:13403:18844,K00193:38:H3MYFBBXX:4:1128:6724:26896,K00193:38:H3MYFBBXX:4:1201:12479:46006,K00193:38:H3MYFBBXX:4:1201:23746:37497,K00193:38:H3MYFBBXX:4:1202:4106:39343,K00193:38:H3MYFBBXX:4:1204:13332:7223,K00193:38:H3MYFBBXX:4:1204:22528:23714,K00193:38:H3MYFBBXX:4:1204:7820:8893,K00193:38:H3MYFBBXX:4:1205:24345:38182,K00193:38:H3MYFBBXX:4:1206:14733:45970,K00193:38:H3MYFBBXX:4:1208:13444:41487,K00193:38:H3MYFBBXX:4:1215:13464:48660,K00193:38:H3MYFBBXX:4:1216:10074:17648,K00193:38:H3MYFBBXX:4:1217:25634:12497,K00193:38:H3MYFBBXX:4:1219:20843:3180,K00193:38:H3MYFBBXX:4:1223:22325:30429,K00193:38:H3MYFBBXX:4:1223:32333:44247,K00193:38:H3MYFBBXX:4:1224:19665:34332,K00193:38:H3MYFBBXX:4:1224:5527:12620,K00193:38:H3MYFBBXX:4:1225:5466:25946,K00193:38:H3MYFBBXX:4:1227:19625:7856,K00193:38:H3MYFBBXX:4:1228:17026:39641,K00193:38:H3MYFBBXX:4:2105:3212:12656,K00193:38:H3MYFBBXX:4:2107:21604:4252,K00193:38:H3MYFBBXX:4:2111:27907:17877,K00193:38:H3MYFBBXX:4:2112:18366:30886,K00193:38:H3MYFBBXX:4:2112:27917:10862,K00193:38:H3MYFBBXX:4:2113:5780:11935,K00193:38:H3MYFBBXX:4:2115:27806:45513,K00193:38:H3MYFBBXX:4:2116:14367:18475,K00193:38:H3MYFBBXX:4:2117:6136:39132,K00193:38:H3MYFBBXX:4:2120:11982:20602,K00193:38:H3MYFBBXX:4:2123:2421:31994,K00193:38:H3MYFBBXX:4:2124:8034:31273,K00193:38:H3MYFBBXX:4:2125:18082:15451,K00193:38:H3MYFBBXX:4:2125:29064:7891,K00193:38:H3MYFBBXX:4:2127:27319:29515,K00193:38:H3MYFBBXX:4:2128:19442:38305,K00193:38:H3MYFBBXX:4:2128:3913:23643,K00193:38:H3MYFBBXX:4:2202:32292:21991,K00193:38:H3MYFBBXX:4:2205:4846:11232,K00193:38:H3MYFBBXX:4:2205:5466:8788,K00193:38:H3MYFBBXX:4:2206:2431:26351,K00193:38:H3MYFBBXX:4:2207:11931:27195,K00193:38:H3MYFBBXX:4:2207:2268:42384,K00193:38:H3MYFBBXX:4:2209:5273:23679,K00193:38:H3MYFBBXX:4:2215:24375:37497,K00193:38:H3MYFBBXX:4:2216:4512:38815,K00193:38:H3MYFBBXX:4:2216:4846:22483,K00193:38:H3MYFBBXX:4:2217:6460:16910,K00193:38:H3MYFBBXX:4:2222:29014:31220,K00193:38:H3MYFBBXX:4:2225:11556:43597,K00193:38:H3MYFBBXX:4:2225:5719:41857,K00193:38:H3MYFBBXX:4:2226:26557:18914,K00193:38:H3MYFBBXX:4:2227:20488:47324,K00193:38:H3MYFBBXX:4:2228:12195:26175,K00193:38:H3MYFBBXX:5:1101:21147:24698,K00193:38:H3MYFBBXX:5:1101:5009:21991,K00193:38:H3MYFBBXX:5:1105:15017:6942,K00193:38:H3MYFBBXX:5:1109:11170:30552,K00193:38:H3MYFBBXX:5:1109:16529:1334,K00193:38:H3MYFBBXX:5:1109:18508:29023,K00193:38:H3MYFBBXX:5:1111:15169:23872,K00193:38:H3MYFBBXX:5:1113:15697:5518,K00193:38:H3MYFBBXX:5:1114:10530:35492,K00193:38:H3MYFBBXX:5:1115:1274:36231,K00193:38:H3MYFBBXX:5:1116:22538:6256,K00193:38:H3MYFBBXX:5:1117:19716:45531,K00193:38:H3MYFBBXX:5:1122:25887:36424,K00193:38:H3MYFBBXX:5:1122:5527:37303,K00193:38:H3MYFBBXX:5:1125:17240:34807,K00193:38:H3MYFBBXX:5:1127:10612:32328,K00193:38:H3MYFBBXX:5:1203:17696:13869,K00193:38:H3MYFBBXX:5:1205:13707:33752,K00193:38:H3MYFBBXX:5:1205:27654:3162,K00193:38:H3MYFBBXX:5:1207:9708:21657,K00193:38:H3MYFBBXX:5:1208:3974:12673,K00193:38:H3MYFBBXX:5:1211:22386:24698,K00193:38:H3MYFBBXX:5:1214:19077:41505,K00193:38:H3MYFBBXX:5:1215:31348:44160,K00193:38:H3MYFBBXX:5:1215:7201:41048,K00193:38:H3MYFBBXX:5:1215:8511:43808,K00193:38:H3MYFBBXX:5:1222:32383:44195,K00193:38:H3MYFBBXX:5:1223:19026:21797,K00193:38:H3MYFBBXX:5:1226:3689:24593,K00193:38:H3MYFBBXX:5:1227:2563:7382,K00193:38:H3MYFBBXX:5:2104:11038:17982,K00193:38:H3MYFBBXX:5:2105:25055:44195,K00193:38:H3MYFBBXX:5:2107:24192:3989,K00193:38:H3MYFBBXX:5:2108:13200:5272,K00193:38:H3MYFBBXX:5:2108:27603:13341,K00193:38:H3MYFBBXX:5:2111:10876:37110,K00193:38:H3MYFBBXX:5:2113:13169:20057,K00193:38:H3MYFBBXX:5:2117:20924:9333,K00193:38:H3MYFBBXX:5:2121:30171:8964,K00193:38:H3MYFBBXX:5:2122:24101:2037,K00193:38:H3MYFBBXX:5:2124:30150:10687,K00193:38:H3MYFBBXX:5:2125:11302:48326,K00193:38:H3MYFBBXX:5:2126:8267:12374,K00193:38:H3MYFBBXX:5:2127:5872:9175,K00193:38:H3MYFBBXX:5:2201:22619:34420,K00193:38:H3MYFBBXX:5:2203:12226:17895,K00193:38:H3MYFBBXX:5:2203:9576:38200,K00193:38:H3MYFBBXX:5:2209:26578:10089,K00193:38:H3MYFBBXX:5:2211:4603:23679,K00193:38:H3MYFBBXX:5:2211:7191:44124,K00193:38:H3MYFBBXX:5:2213:20224:22149,K00193:38:H3MYFBBXX:5:2220:16793:6186,K00193:38:H3MYFBBXX:5:2223:31754:44195,K00193:38:H3MYFBBXX:5:2225:22203:13482,K00193:38:H3MYFBBXX:5:2225:24649:24892,K00193:38:H3MYFBBXX:5:2226:6856:18193,K00193:38:H3MYFBBXX:5:2228:13910:32381	.	YES_LDAS	0.3335	GT	1.5546	AG	1.6729	["INTRACHROMOSOMAL[chr2:0.21Mb]"]
HNRNPUL2--AHNAK	58	0	58.00	0.00	ONLY_REF_SPLICE	HNRNPUL2^ENSG00000214753	chr11:62716989:-	AHNAK^ENSG00000124942	chr11:62536567:-	K00193:38:H3MYFBBXX:4:1109:15951:40661,K00193:38:H3MYFBBXX:4:1113:11708:15275,K00193:38:H3MYFBBXX:4:1114:21310:32082,K00193:38:H3MYFBBXX:4:1115:21046:35914,K00193:38:H3MYFBBXX:4:1118:10459:47289,K00193:38:H3MYFBBXX:4:1123:11952:32117,K00193:38:H3MYFBBXX:4:1124:13707:39132,K00193:38:H3MYFBBXX:4:1202:24365:40573,K00193:38:H3MYFBBXX:4:1203:14854:8665,K00193:38:H3MYFBBXX:4:1212:4918:12374,K00193:38:H3MYFBBXX:4:1215:10967:44722,K00193:38:H3MYFBBXX:4:1218:6186:24347,K00193:38:H3MYFBBXX:4:1219:31785:10845,K00193:38:H3MYFBBXX:4:1226:8703:25858,K00193:38:H3MYFBBXX:4:2101:2553:33770,K00193:38:H3MYFBBXX:4:2102:15565:24206,K00193:38:H3MYFBBXX:4:2114:15342:16822,K00193:38:H3MYFBBXX:4:2116:21218:4463,K00193:38:H3MYFBBXX:4:2119:31094:22694,K00193:38:H3MYFBBXX:4:2121:7303:34789,K00193:38:H3MYFBBXX:4:2126:18914:26913,K00193:38:H3MYFBBXX:4:2202:14357:36635,K00193:38:H3MYFBBXX:4:2203:22355:29920,K00193:38:H3MYFBBXX:4:2204:12439:30640,K00193:38:H3MYFBBXX:4:2208:9597:17244,K00193:38:H3MYFBBXX:4:2209:12165:15961,K00193:38:H3MYFBBXX:4:2212:14093:27634,K00193:38:H3MYFBBXX:4:2223:7313:15293,K00193:38:H3MYFBBXX:4:2226:23908:14361,K00193:38:H3MYFBBXX:4:2226:24730:14484,K00193:38:H3MYFBBXX:4:2228:3649:40415,K00193:38:H3MYFBBXX:5:1101:5973:27669,K00193:38:H3MYFBBXX:5:1103:10409:36934,K00193:38:H3MYFBBXX:5:1105:15220:25296,K00193:38:H3MYFBBXX:5:1106:20772:35616,K00193:38:H3MYFBBXX:5:1119:26791:40134,K00193:38:H3MYFBBXX:5:1127:24548:23274,K00193:38:H3MYFBBXX:5:1201:13098:28478,K00193:38:H3MYFBBXX:5:1202:22091:31924,K00193:38:H3MYFBBXX:5:1202:24954:38217,K00193:38:H3MYFBBXX:5:1202:32038:8366,K00193:38:H3MYFBBXX:5:1202:4045:11284,K00193:38:H3MYFBBXX:5:1212:13291:27968,K00193:38:H3MYFBBXX:5:1213:21797:25612,K00193:38:H3MYFBBXX:5:1221:2877:44845,K00193:38:H3MYFBBXX:5:1225:22619:39975,K00193:38:H3MYFBBXX:5:2104:20132:34438,K00193:38:H3MYFBBXX:5:2108:27471:21411,K00193:38:H3MYFBBXX:5:2112:14905:11636,K00193:38:H3MYFBBXX:5:2113:5049:30781,K00193:38:H3MYFBBXX:5:2115:15626:35035,K00193:38:H3MYFBBXX:5:2122:5364:22676,K00193:38:H3MYFBBXX:5:2208:19168:23977,K00193:38:H3MYFBBXX:5:2208:29470:40204,K00193:38:H3MYFBBXX:5:2209:30120:14009,K00193:38:H3MYFBBXX:5:2218:8267:20426,K00193:38:H3MYFBBXX:5:2226:10297:32451,K00193:38:H3MYFBBXX:5:2226:25015:24540	.	YES_LDAS	0.1561	GT	1.8295	AG	1.9086	["INTRACHROMOSOMAL[chr11:0.16Mb]"]
UNC5C--ENSG00000254044	51	0	51.00	0.00	ONLY_REF_SPLICE	UNC5C^ENSG00000182168	chr4:95278259:-	ENSG00000254044	chr4:97392728:-	K00193:38:H3MYFBBXX:4:1102:27806:22448,K00193:38:H3MYFBBXX:4:1103:4024:42015,K00193:38:H3MYFBBXX:4:1115:22467:18440,K00193:38:H3MYFBBXX:4:1124:13078:15890,K00193:38:H3MYFBBXX:4:1125:7658:24645,K00193:38:H3MYFBBXX:4:1126:9302:1193,K00193:38:H3MYFBBXX:4:1127:10114:14203,K00193:38:H3MYFBBXX:4:1127:20508:24434,K00193:38:H3MYFBBXX:4:1203:29613:39712,K00193:38:H3MYFBBXX:4:1205:10236:25560,K00193:38:H3MYFBBXX:4:1212:14905:45496,K00193:38:H3MYFBBXX:4:1227:10886:21903,K00193:38:H3MYFBBXX:4:1227:17585:45003,K00193:38:H3MYFBBXX:4:2105:17808:44335,K00193:38:H3MYFBBXX:4:2125:16397:6309,K00193:38:H3MYFBBXX:4:2126:13819:37602,K00193:38:H3MYFBBXX:4:2201:28415:48221,K00193:38:H3MYFBBXX:4:2204:5801:36125,K00193:38:H3MYFBBXX:4:2205:5354:16471,K00193:38:H3MYFBBXX:4:2215:24639:6450,K00193:38:H3MYFBBXX:4:2217:23076:29304,K00193:38:H3MYFBBXX:4:2217:25664:16137,K00193:38:H3MYFBBXX:4:2218:24000:33752,K00193:38:H3MYFBBXX:4:2224:22020:40345,K00193:38:H3MYFBBXX:5:1103:17189:17912,K00193:38:H3MYFBBXX:5:1107:7617:41839,K00193:38:H3MYFBBXX:5:1113:31785:15029,K00193:38:H3MYFBBXX:5:1115:13545:33893,K00193:38:H3MYFBBXX:5:1121:15139:37708,K00193:38:H3MYFBBXX:5:1122:15880:13394,K00193:38:H3MYFBBXX:5:1122:22487:16787,K00193:38:H3MYFBBXX:5:1123:12012:45935,K00193:38:H3MYFBBXX:5:1201:30252:15117,K00193:38:H3MYFBBXX:5:1202:28658:3321,K00193:38:H3MYFBBXX:5:1205:29328:38973,K00193:38:H3MYFBBXX:5:1210:18549:27546,K00193:38:H3MYFBBXX:5:1212:4532:22641,K00193:38:H3MYFBBXX:5:1215:27197:1738,K00193:38:H3MYFBBXX:5:1219:28283:45812,K00193:38:H3MYFBBXX:5:1220:2157:23907,K00193:38:H3MYFBBXX:5:2104:28415:14607,K00193:38:H3MYFBBXX:5:2107:19026:36424,K00193:38:H3MYFBBXX:5:2111:6673:12814,K00193:38:H3MYFBBXX:5:2114:27288:5096,K00193:38:H3MYFBBXX:5:2115:32150:45126,K00193:38:H3MYFBBXX:5:2121:32089:21780,K00193:38:H3MYFBBXX:5:2122:15940:37549,K00193:38:H3MYFBBXX:5:2124:16184:23450,K00193:38:H3MYFBBXX:5:2209:23218:15099,K00193:38:H3MYFBBXX:5:2213:20122:3514,K00193:38:H3MYFBBXX:5:2217:28882:19354	.	YES_LDAS	0.1373	GT	1.9656	AG	1.9086	["INTRACHROMOSOMAL[chr4:1.79Mb]"]
TMEM104--RAB37	45	1	45.00	1.00	ONLY_REF_SPLICE	TMEM104^ENSG00000109066	chr17:74795632:+	RAB37^ENSG00000172794	chr17:74729256:+	K00193:38:H3MYFBBXX:4:1105:8917:6749,K00193:38:H3MYFBBXX:4:1108:26425:18862,K00193:38:H3MYFBBXX:4:1110:8886:28038,K00193:38:H3MYFBBXX:4:1114:28009:13376,K00193:38:H3MYFBBXX:4:1119:12743:28531,K00193:38:H3MYFBBXX:4:1121:27846:2055,K00193:38:H3MYFBBXX:4:1122:22071:40362,K00193:38:H3MYFBBXX:4:1125:9211:42806,K00193:38:H3MYFBBXX:4:1219:6816:4481,K00193:38:H3MYFBBXX:4:1223:6663:17543,K00193:38:H3MYFBBXX:4:1224:3405:26421,K00193:38:H3MYFBBXX:4:1228:19229:11214,K00193:38:H3MYFBBXX:4:2105:20752:37479,K00193:38:H3MYFBBXX:4:2111:23360:48889,K00193:38:H3MYFBBXX:4:2115:8622:26351,K00193:38:H3MYFBBXX:4:2118:12439:23538,K00193:38:H3MYFBBXX:4:2122:19036:22342,K00193:38:H3MYFBBXX:4:2125:28750:36987,K00193:38:H3MYFBBXX:4:2202:2756:24276,K00193:38:H3MYFBBXX:4:2206:2715:13447,K00193:38:H3MYFBBXX:4:2207:1365:12128,K00193:38:H3MYFBBXX:4:2214:15017:30816,K00193:38:H3MYFBBXX:4:2220:20163:34104,K00193:38:H3MYFBBXX:4:2222:10033:14168,K00193:38:H3MYFBBXX:4:2223:16570:32170,K00193:38:H3MYFBBXX:5:1101:30201:27792,K00193:38:H3MYFBBXX:5:1103:13636:29093,K00193:38:H3MYFBBXX:5:1104:28547:17648,K00193:38:H3MYFBBXX:5:1104:7364:17068,K00193:38:H3MYFBBXX:5:1106:19046:5342,K00193:38:H3MYFBBXX:5:1112:5770:22712,K00193:38:H3MYFBBXX:5:1117:21279:30130,K00193:38:H3MYFBBXX:5:1122:28090:4621,K00193:38:H3MYFBBXX:5:1202:23746:42138,K00193:38:H3MYFBBXX:5:1214:27623:43474,K00193:38:H3MYFBBXX:5:1223:23360:29726,K00193:38:H3MYFBBXX:5:1228:15839:37655,K00193:38:H3MYFBBXX:5:2203:9038:33049,K00193:38:H3MYFBBXX:5:2205:30485:45056,K00193:38:H3MYFBBXX:5:2206:31653:40503,K00193:38:H3MYFBBXX:5:2209:29887:8366,K00193:38:H3MYFBBXX:5:2210:6034:15398,K00193:38:H3MYFBBXX:5:2213:25096:10441,K00193:38:H3MYFBBXX:5:2215:6897:46638,K00193:38:H3MYFBBXX:5:2218:11992:12744	K00193:38:H3MYFBBXX:5:1121:5851:27599	YES_LDAS	0.1238	GT	1.9086	AG	1.9329	["INTRACHROMOSOMAL[chr17:0.03Mb]","LOCAL_REARRANGEMENT:+:[29164]"]
PRRC2B--FUBP3	44	0	44.00	0.00	ONLY_REF_SPLICE	PRRC2B^ENSG00000288701	chr9:131394263:+	FUBP3^ENSG00000107164	chr9:130609954:+	K00193:38:H3MYFBBXX:4:1101:30161:39782,K00193:38:H3MYFBBXX:4:1103:12601:45548,K00193:38:H3MYFBBXX:4:1112:23644:42208,K00193:38:H3MYFBBXX:4:1113:9038:24364,K00193:38:H3MYFBBXX:4:1121:21726:20391,K00193:38:H3MYFBBXX:4:1121:27806:31976,K00193:38:H3MYFBBXX:4:1204:31480:15803,K00193:38:H3MYFBBXX:4:1213:23776:39694,K00193:38:H3MYFBBXX:4:1216:13677:46955,K00193:38:H3MYFBBXX:4:1217:3466:45337,K00193:38:H3MYFBBXX:4:1218:3933:7610,K00193:38:H3MYFBBXX:4:1220:14580:11214,K00193:38:H3MYFBBXX:4:1222:3019:41505,K00193:38:H3MYFBBXX:4:2102:16742:47588,K00193:38:H3MYFBBXX:4:2105:24548:32416,K00193:38:H3MYFBBXX:4:2114:24050:35598,K00193:38:H3MYFBBXX:4:2118:1903:16189,K00193:38:H3MYFBBXX:4:2206:17524:13570,K00193:38:H3MYFBBXX:4:2206:28892:35721,K00193:38:H3MYFBBXX:4:2212:27410:21165,K00193:38:H3MYFBBXX:4:2224:6876:26737,K00193:38:H3MYFBBXX:5:1104:16549:24364,K00193:38:H3MYFBBXX:5:1109:13454:16435,K00193:38:H3MYFBBXX:5:1117:12449:12691,K00193:38:H3MYFBBXX:5:1125:15798:29357,K00193:38:H3MYFBBXX:5:1127:20528:7557,K00193:38:H3MYFBBXX:5:1128:10084:19881,K00193:38:H3MYFBBXX:5:1209:18163:36864,K00193:38:H3MYFBBXX:5:1211:27999:4463,K00193:38:H3MYFBBXX:5:2105:28191:7962,K00193:38:H3MYFBBXX:5:2105:29460:24259,K00193:38:H3MYFBBXX:5:2110:12956:17297,K00193:38:H3MYFBBXX:5:2117:7668:12322,K00193:38:H3MYFBBXX:5:2122:19351:37901,K00193:38:H3MYFBBXX:5:2122:32028:40837,K00193:38:H3MYFBBXX:5:2123:8693:18598,K00193:38:H3MYFBBXX:5:2126:18448:8841,K00193:38:H3MYFBBXX:5:2204:20904:46603,K00193:38:H3MYFBBXX:5:2204:28811:9667,K00193:38:H3MYFBBXX:5:2206:10815:14220,K00193:38:H3MYFBBXX:5:2206:22579:29462,K00193:38:H3MYFBBXX:5:2221:29826:14695,K00193:38:H3MYFBBXX:5:2224:27430:24083,K00193:38:H3MYFBBXX:5:2226:7668:30957	.	YES_LDAS	0.1184	GT	1.5850	AG	1.9329	["INTRACHROMOSOMAL[chr9:0.74Mb]"]
MDH1--LINC01278	39	0	39.00	0.00	ONLY_REF_SPLICE	MDH1^ENSG00000014641	chr2:63599292:+	LINC01278^ENSG00000235437	chrX:63399903:-	K00193:38:H3MYFBBXX:4:1101:18448:21112,K00193:38:H3MYFBBXX:4:1105:4715:49223,K00193:38:H3MYFBBXX:4:1105:5658:47869,K00193:38:H3MYFBBXX:4:1107:18234:21129,K00193:38:H3MYFBBXX:4:1108:12489:32557,K00193:38:H3MYFBBXX:4:1112:21178:42226,K00193:38:H3MYFBBXX:4:1115:30516:8331,K00193:38:H3MYFBBXX:4:1115:5009:24909,K00193:38:H3MYFBBXX:4:1119:31602:7610,K00193:38:H3MYFBBXX:4:1119:31977:29498,K00193:38:H3MYFBBXX:4:1124:31125:45918,K00193:38:H3MYFBBXX:4:1201:25684:2951,K00193:38:H3MYFBBXX:4:1213:30445:26632,K00193:38:H3MYFBBXX:4:1218:13403:45847,K00193:38:H3MYFBBXX:4:1226:9272:1070,K00193:38:H3MYFBBXX:4:2101:6186:8630,K00193:38:H3MYFBBXX:4:2102:5902:8559,K00193:38:H3MYFBBXX:4:2108:12043:23309,K00193:38:H3MYFBBXX:4:2108:27725:12814,K00193:38:H3MYFBBXX:4:2109:24751:1053,K00193:38:H3MYFBBXX:4:2124:6034:42613,K00193:38:H3MYFBBXX:4:2203:26101:1773,K00193:38:H3MYFBBXX:4:2214:10612:2969,K00193:38:H3MYFBBXX:4:2220:2969:15574,K00193:38:H3MYFBBXX:4:2221:10033:12480,K00193:38:H3MYFBBXX:5:1103:19361:12392,K00193:38:H3MYFBBXX:5:1110:17838:38692,K00193:38:H3MYFBBXX:5:1115:21015:9175,K00193:38:H3MYFBBXX:5:1124:7851:28285,K00193:38:H3MYFBBXX:5:1205:26679:27669,K00193:38:H3MYFBBXX:5:1210:3649:31941,K00193:38:H3MYFBBXX:5:2107:31622:49100,K00193:38:H3MYFBBXX:5:2204:4440:34016,K00193:38:H3MYFBBXX:5:2209:11485:4551,K00193:38:H3MYFBBXX:5:2209:22721:18949,K00193:38:H3MYFBBXX:5:2211:21645:33471,K00193:38:H3MYFBBXX:5:2217:23401:23362,K00193:38:H3MYFBBXX:5:2217:28232:4481,K00193:38:H3MYFBBXX:5:2227:25786:9034	.	YES_LDAS	0.105	GT	1.8892	AG	1.8256	["INTERCHROMOSOMAL[chr2--chrX]"]
RAB7A--LRCH3	34	0	34.00	0.00	ONLY_REF_SPLICE	RAB7A^ENSG00000075785	chr3:128726359:+	LRCH3^ENSG00000186001	chr3:197865423:+	K00193:38:H3MYFBBXX:4:1110:4116:35352,K00193:38:H3MYFBBXX:4:1114:10551:27757,K00193:38:H3MYFBBXX:4:1122:6176:26157,K00193:38:H3MYFBBXX:4:1210:15433:33506,K00193:38:H3MYFBBXX:4:1228:7059:31801,K00193:38:H3MYFBBXX:4:2102:16641:41646,K00193:38:H3MYFBBXX:4:2104:5953:17859,K00193:38:H3MYFBBXX:4:2113:22599:11179,K00193:38:H3MYFBBXX:4:2115:26913:41048,K00193:38:H3MYFBBXX:4:2126:9221:4147,K00193:38:H3MYFBBXX:4:2209:6095:6538,K00193:38:H3MYFBBXX:4:2216:2999:44458,K00193:38:H3MYFBBXX:4:2217:4177:19143,K00193:38:H3MYFBBXX:4:2226:1781:45232,K00193:38:H3MYFBBXX:4:2226:5790:3549,K00193:38:H3MYFBBXX:5:1103:11089:26825,K00193:38:H3MYFBBXX:5:1103:25471:25894,K00193:38:H3MYFBBXX:5:1110:23573:26474,K00193:38:H3MYFBBXX:5:1117:31988:40239,K00193:38:H3MYFBBXX:5:1210:11393:30130,K00193:38:H3MYFBBXX:5:1210:5648:36424,K00193:38:H3MYFBBXX:5:1221:21919:43896,K00193:38:H3MYFBBXX:5:1223:25816:13728,K00193:38:H3MYFBBXX:5:1226:32272:28214,K00193:38:H3MYFBBXX:5:2104:18722:26861,K00193:38:H3MYFBBXX:5:2108:6430:45408,K00193:38:H3MYFBBXX:5:2110:5557:33418,K00193:38:H3MYFBBXX:5:2125:13169:3848,K00193:38:H3MYFBBXX:5:2202:12002:14554,K00193:38:H3MYFBBXX:5:2214:32262:9772,K00193:38:H3MYFBBXX:5:2217:21827:34912,K00193:38:H3MYFBBXX:5:2217:3294:17895,K00193:38:H3MYFBBXX:5:2219:22842:40397,K00193:38:H3MYFBBXX:5:2221:1243:27107	.	YES_LDAS	0.0915	GT	1.4295	AG	1.9656	["INTRACHROMOSOMAL[chr3:68.97Mb]"]
LHFPL5--CLPSL1	28	0	28.00	0.00	ONLY_REF_SPLICE	LHFPL5^ENSG00000197753	chr6:35797459:+	CLPSL1^ENSG00000204140	chr6:35786998:+	K00193:38:H3MYFBBXX:4:1105:16174:31730,K00193:38:H3MYFBBXX:4:1109:1111:36161,K00193:38:H3MYFBBXX:4:1110:32191:37286,K00193:38:H3MYFBBXX:4:1111:30668:37848,K00193:38:H3MYFBBXX:4:1113:30739:9280,K00193:38:H3MYFBBXX:4:1128:8856:19934,K00193:38:H3MYFBBXX:4:1209:27024:34526,K00193:38:H3MYFBBXX:4:1228:2339:26192,K00193:38:H3MYFBBXX:4:2102:6247:25894,K00193:38:H3MYFBBXX:4:2108:11444:6766,K00193:38:H3MYFBBXX:4:2108:6948:43527,K00193:38:H3MYFBBXX:4:2115:18427:39923,K00193:38:H3MYFBBXX:4:2118:7201:9896,K00193:38:H3MYFBBXX:4:2128:15920:5799,K00193:38:H3MYFBBXX:4:2207:14296:1439,K00193:38:H3MYFBBXX:4:2211:18458:33893,K00193:38:H3MYFBBXX:4:2211:8785:48150,K00193:38:H3MYFBBXX:4:2214:3608:49029,K00193:38:H3MYFBBXX:4:2221:5801:9509,K00193:38:H3MYFBBXX:5:1110:1598:11091,K00193:38:H3MYFBBXX:5:1115:1172:15521,K00193:38:H3MYFBBXX:5:1122:10399:4498,K00193:38:H3MYFBBXX:5:1122:25086:28074,K00193:38:H3MYFBBXX:5:1125:9373:45302,K00193:38:H3MYFBBXX:5:1205:26334:13992,K00193:38:H3MYFBBXX:5:1217:28273:21393,K00193:38:H3MYFBBXX:5:2206:23502:5711,K00193:38:H3MYFBBXX:5:2216:1568:33752	.	YES_LDAS	0.0754	GT	1.7819	AG	1.9656	["INTRACHROMOSOMAL[chr6:0.00Mb]","LOCAL_REARRANGEMENT:+:[3531]"]
GNA12--CARD11	28	0	28.00	0.00	ONLY_REF_SPLICE	GNA12^ENSG00000146535	chr7:2843853:-	CARD11^ENSG00000198286	chr7:2958631:-	K00193:38:H3MYFBBXX:4:1107:17118:11495,K00193:38:H3MYFBBXX:4:1111:3771:15345,K00193:38:H3MYFBBXX:4:1118:14499:16242,K00193:38:H3MYFBBXX:4:1118:4146:21516,K00193:38:H3MYFBBXX:4:2102:6318:17859,K00193:38:H3MYFBBXX:4:2117:18945:8366,K00193:38:H3MYFBBXX:4:2117:30912:14255,K00193:38:H3MYFBBXX:4:2126:30729:14642,K00193:38:H3MYFBBXX:4:2207:12226:30763,K00193:38:H3MYFBBXX:4:2217:3791:2899,K00193:38:H3MYFBBXX:4:2219:1253:28285,K00193:38:H3MYFBBXX:4:2224:19361:14431,K00193:38:H3MYFBBXX:4:2228:10916:33137,K00193:38:H3MYFBBXX:5:1104:8551:13464,K00193:38:H3MYFBBXX:5:1105:9779:39395,K00193:38:H3MYFBBXX:5:1110:12550:44511,K00193:38:H3MYFBBXX:5:1119:26781:40257,K00193:38:H3MYFBBXX:5:1120:23573:27072,K00193:38:H3MYFBBXX:5:1215:23512:17684,K00193:38:H3MYFBBXX:5:1217:31206:2283,K00193:38:H3MYFBBXX:5:1221:18782:33963,K00193:38:H3MYFBBXX:5:2111:4887:13095,K00193:38:H3MYFBBXX:5:2126:25004:46076,K00193:38:H3MYFBBXX:5:2215:4197:35914,K00193:38:H3MYFBBXX:5:2217:29369:17947,K00193:38:H3MYFBBXX:5:2219:16620:8665,K00193:38:H3MYFBBXX:5:2221:27095:6766,K00193:38:H3MYFBBXX:5:2225:22802:39483	.	YES_LDAS	0.0754	GT	1.8323	AG	1.8323	["INTRACHROMOSOMAL[chr7:0.06Mb]","LOCAL_REARRANGEMENT:-:[61834]"]
E2F3--PKD2	27	0	27.00	0.00	ONLY_REF_SPLICE	E2F3^ENSG00000112242	chr6:20403832:+	PKD2^ENSG00000118762	chr4:88036220:+	K00193:38:H3MYFBBXX:4:1103:19848:7716,K00193:38:H3MYFBBXX:4:1202:4014:19600,K00193:38:H3MYFBBXX:4:1227:9982:16084,K00193:38:H3MYFBBXX:4:2101:14144:37743,K00193:38:H3MYFBBXX:4:2109:20234:27089,K00193:38:H3MYFBBXX:4:2117:16823:10986,K00193:38:H3MYFBBXX:4:2118:9566:1475,K00193:38:H3MYFBBXX:4:2125:17473:11794,K00193:38:H3MYFBBXX:4:2127:25218:3408,K00193:38:H3MYFBBXX:4:2206:10987:23098,K00193:38:H3MYFBBXX:4:2216:3486:31625,K00193:38:H3MYFBBXX:4:2222:17392:23327,K00193:38:H3MYFBBXX:5:1102:13291:40063,K00193:38:H3MYFBBXX:5:1104:29044:13306,K00193:38:H3MYFBBXX:5:1105:20498:27687,K00193:38:H3MYFBBXX:5:1111:14844:23766,K00193:38:H3MYFBBXX:5:1112:1477:9896,K00193:38:H3MYFBBXX:5:1118:9769:23485,K00193:38:H3MYFBBXX:5:1125:5922:17385,K00193:38:H3MYFBBXX:5:1227:16428:3725,K00193:38:H3MYFBBXX:5:2105:19209:33998,K00193:38:H3MYFBBXX:5:2107:6724:45988,K00193:38:H3MYFBBXX:5:2110:3872:4762,K00193:38:H3MYFBBXX:5:2123:2857:8595,K00193:38:H3MYFBBXX:5:2123:5049:43193,K00193:38:H3MYFBBXX:5:2209:12256:43650,K00193:38:H3MYFBBXX:5:2221:1933:31291	.	YES_LDAS	0.0727	GT	1.8892	AG	1.9899	["INTERCHROMOSOMAL[chr6--chr4]"]
PDIA5--ENSG00000280441	25	1	25.00	1.00	ONLY_REF_SPLICE	PDIA5^ENSG00000065485	chr3:123124343:+	ENSG00000280441	chr21:8405960:+	K00193:38:H3MYFBBXX:4:1107:22000:3707,K00193:38:H3MYFBBXX:4:1109:21685:40257,K00193:38:H3MYFBBXX:4:1122:15859:37549,K00193:38:H3MYFBBXX:4:1125:24172:39184,K00193:38:H3MYFBBXX:4:1204:13910:26157,K00193:38:H3MYFBBXX:4:1206:18376:15187,K00193:38:H3MYFBBXX:4:1210:15250:17086,K00193:38:H3MYFBBXX:4:1218:26009:36706,K00193:38:H3MYFBBXX:4:1222:9708:11847,K00193:38:H3MYFBBXX:4:2109:30526:6555,K00193:38:H3MYFBBXX:4:2114:3689:4270,K00193:38:H3MYFBBXX:4:2118:21269:15732,K00193:38:H3MYFBBXX:4:2124:15078:39466,K00193:38:H3MYFBBXX:4:2219:7617:35932,K00193:38:H3MYFBBXX:4:2221:20853:31678,K00193:38:H3MYFBBXX:5:1109:32607:32381,K00193:38:H3MYFBBXX:5:1120:16072:2969,K00193:38:H3MYFBBXX:5:1125:6278:45882,K00193:38:H3MYFBBXX:5:1126:23939:46304,K00193:38:H3MYFBBXX:5:1212:29430:12955,K00193:38:H3MYFBBXX:5:2116:20122:41733,K00193:38:H3MYFBBXX:5:2123:16407:31783,K00193:38:H3MYFBBXX:5:2128:3192:10194,K00193:38:H3MYFBBXX:5:2210:25177:38639,K00193:38:H3MYFBBXX:5:2211:4704:39536	K00193:38:H3MYFBBXX:5:2111:2218:31959	YES_LDAS	0.07	GT	1.6895	AG	1.9329	["INTERCHROMOSOMAL[chr3--chr21]"]
ENSG00000257403--CRYM-AS1	24	0	24.00	0.00	INCL_NON_REF_SPLICE	ENSG00000257403	chr16:21352138:+	CRYM-AS1^ENSG00000189149	chr16:21338921:+	K00193:38:H3MYFBBXX:4:1104:28303:16910,K00193:38:H3MYFBBXX:4:1110:19259:9017,K00193:38:H3MYFBBXX:4:1111:15880:14168,K00193:38:H3MYFBBXX:4:1116:19940:26650,K00193:38:H3MYFBBXX:4:1120:28506:33647,K00193:38:H3MYFBBXX:4:1217:5851:32662,K00193:38:H3MYFBBXX:4:2101:9292:28636,K00193:38:H3MYFBBXX:4:2115:20335:31801,K00193:38:H3MYFBBXX:4:2116:21330:21217,K00193:38:H3MYFBBXX:4:2125:1030:36653,K00193:38:H3MYFBBXX:4:2208:17250:16119,K00193:38:H3MYFBBXX:4:2209:1598:35879,K00193:38:H3MYFBBXX:4:2228:14936:11759,K00193:38:H3MYFBBXX:5:1122:7313:46656,K00193:38:H3MYFBBXX:5:1126:7404:20971,K00193:38:H3MYFBBXX:5:1217:20498:4973,K00193:38:H3MYFBBXX:5:1219:20285:19231,K00193:38:H3MYFBBXX:5:2119:14418:4604,K00193:38:H3MYFBBXX:5:2207:18762:2389,K00193:38:H3MYFBBXX:5:2215:22761:17016,K00193:38:H3MYFBBXX:5:2216:17179:14238,K00193:38:H3MYFBBXX:5:2218:1994:29146,K00193:38:H3MYFBBXX:5:2219:27349:43351,K00193:38:H3MYFBBXX:5:2227:19148:7944	.	YES_LDAS	0.0646	GT	1.7232	AG	1.9656	["INTRACHROMOSOMAL[chr16:0.01Mb]","LOCAL_REARRANGEMENT:+:[8102]"]
ENSG00000257403--CRYM-AS1	23	0	23.00	0.00	ONLY_REF_SPLICE	ENSG00000257403	chr16:21352138:+	CRYM-AS1^ENSG00000189149	chr16:21315884:+	K00193:38:H3MYFBBXX:4:1101:13941:4973,K00193:38:H3MYFBBXX:4:1124:30973:44986,K00193:38:H3MYFBBXX:4:1208:31988:18791,K00193:38:H3MYFBBXX:4:1218:27826:18932,K00193:38:H3MYFBBXX:4:1223:19371:7944,K00193:38:H3MYFBBXX:4:2103:17240:18352,K00193:38:H3MYFBBXX:4:2107:20934:15926,K00193:38:H3MYFBBXX:4:2122:9526:14695,K00193:38:H3MYFBBXX:4:2214:31957:18070,K00193:38:H3MYFBBXX:4:2223:15707:15521,K00193:38:H3MYFBBXX:5:1107:27278:26527,K00193:38:H3MYFBBXX:5:1115:19056:28425,K00193:38:H3MYFBBXX:5:1206:23969:2652,K00193:38:H3MYFBBXX:5:1206:29541:46093,K00193:38:H3MYFBBXX:5:1226:16123:35088,K00193:38:H3MYFBBXX:5:1227:17615:27476,K00193:38:H3MYFBBXX:5:1228:23005:15258,K00193:38:H3MYFBBXX:5:2105:9505:21200,K00193:38:H3MYFBBXX:5:2112:12946:35071,K00193:38:H3MYFBBXX:5:2207:24040:25630,K00193:38:H3MYFBBXX:5:2207:9972:17297,K00193:38:H3MYFBBXX:5:2208:25045:41505,K00193:38:H3MYFBBXX:5:2219:10703:13781	.	YES_LDAS	0.0619	GT	1.7232	AG	1.8892	["INTRACHROMOSOMAL[chr16:0.01Mb]","LOCAL_REARRANGEMENT:+:[8102]"]
RPL17--RPL17P12	21	0	21.00	0.00	INCL_NON_REF_SPLICE	RPL17^ENSG00000265681	chr18:49491405:-	RPL17P12^ENSG00000230559	chr2:146194373:+	K00193:38:H3MYFBBXX:4:1218:29663:28021,K00193:38:H3MYFBBXX:4:1223:17889:16840,K00193:38:H3MYFBBXX:4:2109:23380:46568,K00193:38:H3MYFBBXX:4:2120:20691:23450,K00193:38:H3MYFBBXX:4:2120:21350:30746,K00193:38:H3MYFBBXX:4:2202:6511:26984,K00193:38:H3MYFBBXX:4:2206:15291:25982,K00193:38:H3MYFBBXX:4:2224:6836:16963,K00193:38:H3MYFBBXX:5:1111:5029:11900,K00193:38:H3MYFBBXX:5:1212:12611:27704,K00193:38:H3MYFBBXX:5:1219:14611:19705,K00193:38:H3MYFBBXX:5:1227:6643:40116,K00193:38:H3MYFBBXX:5:1228:21015:43702,K00193:38:H3MYFBBXX:5:2101:21127:6274,K00193:38:H3MYFBBXX:5:2105:11799:15609,K00193:38:H3MYFBBXX:5:2127:14631:46955,K00193:38:H3MYFBBXX:5:2209:22589:46779,K00193:38:H3MYFBBXX:5:2212:10591:1141,K00193:38:H3MYFBBXX:5:2214:19270:28021,K00193:38:H3MYFBBXX:5:2223:21716:11829,K00193:38:H3MYFBBXX:5:2224:31541:13306	.	YES_LDAS	0.0565	GT	1.9219	AG	1.8892	["INTERCHROMOSOMAL[chr18--chr2]"]
PDLIM5--ENSG00000287552	20	0	20.00	0.00	ONLY_REF_SPLICE	PDLIM5^ENSG00000163110	chr4:94586444:+	ENSG00000287552	chr4:94342944:+	K00193:38:H3MYFBBXX:4:1101:4806:47939,K00193:38:H3MYFBBXX:4:1111:32333:9649,K00193:38:H3MYFBBXX:4:1122:27775:43527,K00193:38:H3MYFBBXX:4:1205:23380:28214,K00193:38:H3MYFBBXX:4:1214:18742:11566,K00193:38:H3MYFBBXX:4:2103:20731:32064,K00193:38:H3MYFBBXX:4:2205:16752:1439,K00193:38:H3MYFBBXX:4:2205:6511:26245,K00193:38:H3MYFBBXX:4:2208:9109:1387,K00193:38:H3MYFBBXX:4:2218:11586:2090,K00193:38:H3MYFBBXX:4:2221:19483:39606,K00193:38:H3MYFBBXX:4:2221:19503:39606,K00193:38:H3MYFBBXX:4:2228:12987:45724,K00193:38:H3MYFBBXX:5:1109:24659:37075,K00193:38:H3MYFBBXX:5:1202:32048:11232,K00193:38:H3MYFBBXX:5:1208:19980:11988,K00193:38:H3MYFBBXX:5:2116:10409:29339,K00193:38:H3MYFBBXX:5:2213:29369:23960,K00193:38:H3MYFBBXX:5:2218:19270:7768,K00193:38:H3MYFBBXX:5:2222:2177:16031	.	YES_LDAS	0.0538	GT	1.5546	AG	1.8295	["INTRACHROMOSOMAL[chr4:0.11Mb]"]
GSKIP--CRAT37	20	0	20.00	0.00	ONLY_REF_SPLICE	GSKIP^ENSG00000100744	chr14:96363568:+	CRAT37^ENSG00000258551	chr15:91473221:+	K00193:38:H3MYFBBXX:4:1111:5598:4235,K00193:38:H3MYFBBXX:4:1112:16184:16945,K00193:38:H3MYFBBXX:4:1124:26507:25155,K00193:38:H3MYFBBXX:4:1202:3263:47799,K00193:38:H3MYFBBXX:4:1206:1771:43632,K00193:38:H3MYFBBXX:4:1227:29816:14888,K00193:38:H3MYFBBXX:4:2107:20508:37374,K00193:38:H3MYFBBXX:4:2108:10470:24171,K00193:38:H3MYFBBXX:4:2212:17067:5817,K00193:38:H3MYFBBXX:5:1106:26202:19213,K00193:38:H3MYFBBXX:5:1120:26801:39905,K00193:38:H3MYFBBXX:5:1203:7090:8331,K00193:38:H3MYFBBXX:5:1224:23959:26368,K00193:38:H3MYFBBXX:5:2105:24223:42120,K00193:38:H3MYFBBXX:5:2108:28344:2951,K00193:38:H3MYFBBXX:5:2116:14144:16224,K00193:38:H3MYFBBXX:5:2205:11221:4024,K00193:38:H3MYFBBXX:5:2219:19757:36213,K00193:38:H3MYFBBXX:5:2220:17666:45074,K00193:38:H3MYFBBXX:5:2222:25725:12269	.	YES_LDAS	0.0538	GT	1.4295	AG	1.6895	["INTERCHROMOSOMAL[chr14--chr15]"]
OSBPL9--EPS15-AS1	19	0	19.00	0.00	ONLY_REF_SPLICE	OSBPL9^ENSG00000117859	chr1:51714079:+	EPS15-AS1^ENSG00000227070	chr1:51560882:+	K00193:38:H3MYFBBXX:4:1110:18894:7610,K00193:38:H3MYFBBXX:4:1113:2482:36565,K00193:38:H3MYFBBXX:4:1119:13707:32381,K00193:38:H3MYFBBXX:4:1121:6673:17772,K00193:38:H3MYFBBXX:4:1205:32444:43175,K00193:38:H3MYFBBXX:4:1209:9018:4147,K00193:38:H3MYFBBXX:4:2106:17463:2354,K00193:38:H3MYFBBXX:4:2109:9840:18229,K00193:38:H3MYFBBXX:4:2125:8490:18985,K00193:38:H3MYFBBXX:4:2224:18935:13658,K00193:38:H3MYFBBXX:4:2225:31602:10212,K00193:38:H3MYFBBXX:5:1101:27704:37497,K00193:38:H3MYFBBXX:5:1125:4806:27089,K00193:38:H3MYFBBXX:5:1208:7475:40819,K00193:38:H3MYFBBXX:5:1215:18529:41224,K00193:38:H3MYFBBXX:5:2107:6694:31238,K00193:38:H3MYFBBXX:5:2109:26293:25524,K00193:38:H3MYFBBXX:5:2116:27796:46269,K00193:38:H3MYFBBXX:5:2221:8267:20743	.	YES_LDAS	0.0511	GT	1.8062	AG	1.7819	["INTRACHROMOSOMAL[chr1:0.02Mb]","LOCAL_REARRANGEMENT:+:[15550]"]
PRR16--ENSG00000248927	18	1	18.00	0.78	ONLY_REF_SPLICE	PRR16^ENSG00000184838	chr5:120464645:+	ENSG00000248927	chr5:120789954:+	K00193:38:H3MYFBBXX:4:1112:29105:13869,K00193:38:H3MYFBBXX:4:1125:4684:47201,K00193:38:H3MYFBBXX:4:1210:18376:40503,K00193:38:H3MYFBBXX:4:1214:31561:41540,K00193:38:H3MYFBBXX:4:1215:25116:2494,K00193:38:H3MYFBBXX:4:2101:5801:25401,K00193:38:H3MYFBBXX:4:2102:21249:45619,K00193:38:H3MYFBBXX:4:2108:10602:4358,K00193:38:H3MYFBBXX:4:2111:8054:31765,K00193:38:H3MYFBBXX:4:2113:17351:45302,K00193:38:H3MYFBBXX:4:2201:24071:5008,K00193:38:H3MYFBBXX:4:2201:26446:41364,K00193:38:H3MYFBBXX:4:2204:27065:39694,K00193:38:H3MYFBBXX:4:2216:32160:21375,K00193:38:H3MYFBBXX:5:1116:9881:42314,K00193:38:H3MYFBBXX:5:1201:3771:4270,K00193:38:H3MYFBBXX:5:2113:20883:24804,K00193:38:H3MYFBBXX:5:2222:1274:33102	K00193:38:H3MYFBBXX:5:2222:11444:43755	YES_LDAS	0.0506	GT	1.6895	AG	1.9329	["INTRACHROMOSOMAL[chr5:0.09Mb]","NEIGHBORS[93886]"]
